<?xml version="1.0" encoding="UTF-8"?>
<metadata xml:lang="zh"><Esri><CreaDate>20170104</CreaDate><CreaTime>13582700</CreaTime><ArcGISFormat>1.0</ArcGISFormat><SyncOnce>TRUE</SyncOnce><DataProperties><itemProps><itemLocation><linkage Sync="TRUE">file://\\103-BCC018\Users\YuLun\Desktop\台灣本島\TWD97經緯度_SHP\KIM\kim_landmark</linkage><protocol Sync="TRUE">Local Area Network</protocol></itemLocation></itemProps><copyHistory><copy source="D:\專案資料夾\02_執行中\11_路網暨公共運輸網絡圖資\03_專案執行\0302_圖資數化\030203_地標地物圖層\地標地物圖層final\WGS84\kim_landmark" dest="\\103-BCC018\Users\YuLun\Desktop\台灣本島\TWD97經緯度_SHP\KIM\kim_landmark" date="20161126" time="18113500"></copy></copyHistory></DataProperties></Esri></metadata>
